{"cameraMode":{"drawMode":0,"name":"Shaded","section":"Shading Mode"},"sceneLighting":true,"audioPlay":false,"sceneViewState":{"m_AlwaysRefresh":false,"showFog":true,"showSkybox":true,"showFlares":true,"showImageEffects":true,"showParticleSystems":true,"showVisualEffectGraphs":true,"m_FxEnabled":true},"in2DMode":false,"pivot":{"x":-48.021583557128909,"y":7.594508171081543,"z":33.976585388183597},"rotation":{"x":-0.07593375444412232,"y":0.7226699590682983,"z":-0.08039368689060211,"w":-0.6823305487632752},"size":52.868377685546878,"orthographic":false}